id,winner_model_a,winner_model_b,winner_tie
136060,0.09608035581086054,0.8426337689766219,0.06128587521251764
211333,0.33811688417340074,0.423340186365221,0.23854292946137828
1233961,0.5364560840195947,0.22546529943693303,0.23807861654347226
